"","site","bison_dens","cattle_dens","PD_pres","insecticide","month","Temp_past20dayMean","Temp_samplingday","soil_PC1_posOther","soil_PC2_posCN","w_C","w_N","w_Ca","w_K","w_Mg","w_Na","w_P","w_Si","f_C","f_N","f_Ca","f_K","f_Mg","f_Na","f_P","f_Si","g_C","g_N","g_Ca","g_K","g_Mg","g_Na","g_P","g_Si","grass_PC1","forb_PC1","g_per_m2_est","g_per_m2_SE","trt","ghop_m2_est","ghop_m2_SE","g_m2_woody.mean","g_m2_woody.se","perc_woody.mean","perc_woody.se","g_m2_forb.mean","g_m2_forb.se","perc_forb.mean","perc_forb.se","g_m2_grass.mean","g_m2_grass.se","perc_grass.mean","perc_grass.se"
"1","bison_1",0.014448,0.000000,0,0,6,NA,21.20100,-1.57626648,-1.26014557,41.19,1.00, 6344.562,12905.812,1322.8125, 1346,1192.1875,  23.12500,43.02,2.21,14623.938,21252.625,3537.3125,1675,1534.8125,  50.87500,44.62,1.48,2126.6250, 9204.062, 696.8125,1343,1236.0625,  89.50000, 0.12717182, 0.85243706,110.24877,11.865232,"bison", 8.6666667, 2.2860564, 62.000000, 37.404545,22.4109027,12.4153510, 19.60000000,  8.23164625,21.42530314,15.66006451, 53.0000000, 20.7557221,26.965075023, 9.280558278
"2","bison_1",0.014448,0.000000,0,0,7,20.63281,23.05625, 0.65985313,-0.86082309,41.43,0.75, 1836.294, 4423.882, 596.5882, 1257, 290.5294,  37.70588,44.65,1.65, 5348.841,11358.963,1542.1341,1296,1301.6463,  43.65854,45.00,1.01,2009.1148, 9190.295, 851.4098,1438,1480.8525, 743.27869,-0.28322580,-1.37440495,187.38253,51.691742,"bison",39.3333333,22.0000018, 49.800000, 45.668808,10.0884227, 7.8201265, 19.72000000, 10.62513059,10.16280745, 6.78030371,145.4000000, 60.4893379,49.293073034,12.854644127
"3","bison_1",0.014448,0.000000,0,0,8,24.91005,27.05650,-0.75220691,-0.93363469,NA,NA,NA,NA,NA,NA,NA,NA,43.09,1.53, 7097.224,19740.315,2501.0726,2678,2028.5804, 484.66877,47.64,1.04,1457.9532, 7128.304, 704.6199,1297,1118.6550, 705.90643,-1.33782177,-0.05319967,132.86391,26.249708,"bison",14.0000000, 3.3333333,  0.000000,  0.000000, 0.0000000, 0.0000000,  5.20000000,  2.39582971, 4.84421839, 2.47824245, 69.0000000, 17.6266843,74.257118218, 7.059527436
"4","bison_1",0.014448,0.000000,0,0,9,24.18931,31.06775,-1.08235711,-1.23034693,NA,NA,NA,NA,NA,NA,NA,NA,45.20,1.21, 2290.735, 5354.121, 810.0319,1391, 764.7284,1058.14696,39.32,0.64,6584.5538, 7913.354,1303.5692,1339,1088.8000, 117.16923, 0.89626595,-3.05797994,130.03702,15.866718,"bison", 5.9270483, 2.6189253,  0.000000,  0.000000, 0.0000000, 0.0000000, 16.92000000,  7.85069424,23.37746941,12.82535663,  8.5400000,  8.5400000,13.863636364,13.863636364
"5","bison_2",0.017616,0.000000,0,0,6,NA,12.32025, 1.69720336, 0.55305434,NA,NA,NA,NA,NA,NA,NA,NA,36.34,4.67, 7532.625,59068.062,3705.3750,1380,3159.9375,  43.81250,44.49,2.01,2289.3750,15881.250, 861.9375,1361,1851.3125,  79.93750, 2.10983564, 4.55265592,165.97893,32.711176,"bison", 2.3333333, 1.0000000,  0.000000,  0.000000, 0.0000000, 0.0000000,  1.90000000,  1.77763888, 1.28696858, 1.24127407, 92.8000000, 20.8959326,45.684996114,11.623956526
"6","bison_2",0.017616,0.000000,0,0,7,22.06198,26.83125, 1.69777671, 1.34572392,NA,NA,NA,NA,NA,NA,NA,NA,NA,NA,NA,NA,NA,NA,NA,NA,44.65,1.79,2126.4072,12918.802, 763.1138,1239,1635.6287,  98.68263, 1.12629448,NA,146.59453,18.980560,"bison", 8.3333333, 3.6666676,  0.000000,  0.000000, 0.0000000, 0.0000000,  0.08000000,  0.05830952, 0.05008747, 0.03393546,128.4000000, 10.1813555,70.914081540,11.628265844
"7","bison_2",0.017616,0.000000,0,0,8,25.43658,20.78275,-0.90834556, 0.30864294,NA,NA,NA,NA,NA,NA,NA,NA,NA,NA,NA,NA,NA,NA,NA,NA,46.92,1.45,2102.0482,11174.096, 851.7470,1318,1247.9518, 816.26506,-0.18542851,NA,143.36379,22.211292,"bison", 9.3333333, 2.0000000,  0.000000,  0.000000, 0.0000000, 0.0000000,  1.90000000,  1.77763888, 1.68023618, 1.64439858,126.8000000, 46.2810977,52.882416476,14.241681888
"8","bison_2",0.017616,0.000000,0,0,9,24.21126,23.21700, 3.30073996, 0.74022685,NA,NA,NA,NA,NA,NA,NA,NA,NA,NA,NA,NA,NA,NA,NA,NA,45.72,0.90,1533.1395, 5442.733, 748.0814,1267,1143.2558, 736.68605,-1.50514549,NA,113.07567,23.422817,"bison", 4.6666667, 1.1480451,  0.000000,  0.000000, 0.0000000, 0.0000000,  0.00000000,  0.00000000, 0.00000000, 0.00000000, 45.9800000, 28.3847212,15.549793784, 9.554150665
"9","bison_3",0.012613,0.000000,0,0,6,NA,13.57525, 1.91787645,-0.24764465,NA,NA,NA,NA,NA,NA,NA,NA,44.38,2.52,17747.875,16307.000,1955.3125,1367,1042.0000,  32.37500,44.71,1.23,2089.6875, 7220.125, 623.4375,1339, 993.5625,  74.50000,-0.61173233, 0.10519641,140.13306,37.557275,"bison", 3.3333333, 1.1072731,  0.000000,  0.000000, 0.0000000, 0.0000000,  8.82000000,  8.05154644, 2.78116087, 2.27812747, 80.4000000,  1.6000000,42.474021892,13.622853957
"10","bison_3",0.012613,0.000000,0,0,7,21.16321,19.99950,-0.54324403,-0.62330752,NA,NA,NA,NA,NA,NA,NA,NA,NA,NA,NA,NA,NA,NA,NA,NA,44.61,0.85,2569.2941, 5962.588, 862.8235,1223, 968.5882, 111.29412,-0.89345403,NA,170.42118,10.499883,"bison", 5.3333333, 1.3333333,  0.000000,  0.000000, 0.0000000, 0.0000000,  1.20000000,  0.70000000, 0.51352873, 0.30140976,100.6000000, 15.7689568,41.046992644, 7.807876097
"11","bison_3",0.012613,0.000000,0,0,8,26.34716,22.31600, 1.46062155, 0.29088837,NA,NA,NA,NA,NA,NA,NA,NA,NA,NA,NA,NA,NA,NA,NA,NA,46.79,0.71,1691.5698, 3985.930, 918.4302,1265, 763.9535, 691.04651,-2.02151081,NA,158.70977,12.086811,"bison", 7.0000000, 1.4503270,  0.000000,  0.000000, 0.0000000, 0.0000000,  0.06000000,  0.06000000, 0.02549936, 0.02549936, 85.0000000, 26.9016728,28.764727461, 7.684451036
"12","bison_3",0.012613,0.000000,0,0,9,25.08431,28.82625, 0.08285898,-0.76246462,NA,NA,NA,NA,NA,NA,NA,NA,NA,NA,NA,NA,NA,NA,NA,NA,46.59,0.75,2227.2046, 3803.631, 975.3314,1271, 765.1297, 798.27089,-1.89473865,NA,131.24854, 6.894237,"bison",10.0000000, 1.4383899,  0.000000,  0.000000, 0.0000000, 0.0000000,  0.54200000,  0.37291286, 0.72914979, 0.58638097, 44.5400000,  4.5499011,39.354743020, 8.954508571
"13","cattle_1",0.000000,0.024984,0,0,7,22.33654,27.13175,-0.15485777,-0.66188734,40.82,0.97,14212.258, 4681.871,1507.9355, 1363, 841.5484,  63.54839,40.42,1.10, 5465.305,28264.756,1425.7927,1293,2128.6585, 243.23171,44.69,1.13,2581.7629, 5708.693, 783.5866,1280,1092.4620, 119.14894,-0.57998475,-0.16580800,132.86391,11.711408,"cattle",12.3333333, 1.8372476, 11.400000,  4.965884,11.4949148, 3.1135744, 35.00000000, 12.79062156,23.56977998, 4.67261428, 41.2000000,  8.1080207,35.394918336, 6.170925048
"14","cattle_1",0.000000,0.024984,0,0,6,NA,22.52000,-0.66346615,-0.80572011,43.44,0.84,12424.688, 6082.000,1105.3750, 1377, 839.5625,  57.12500,43.91,1.79, 7340.000,10492.875,2095.0000,1373,1027.1250,  30.87500,45.07,1.35,2217.6875,11067.375, 864.0000,1367,1164.3125,  70.37500, 0.33097208,-1.14482479, 98.94121, 6.865308,"cattle", 8.6666667, 1.6423514,  4.800000,  2.956349, 4.6957169, 3.3760907, 11.20000000,  4.85180379, 7.06691813, 2.80882382, 30.4000000,  2.8913665,25.705939450, 7.017515580
"15","cattle_1",0.000000,0.024984,0,0,8,25.74606,28.72975, 3.71015356, 0.20970083,NA,NA,NA,NA,NA,NA,NA,NA,48.39,1.14, 4290.852, 9128.896,1385.4259,1388,1134.7634, 218.99054,45.41,0.88,2486.3462, 7251.218,1033.6538,1463,1030.8333, 944.87179,-0.90349521,-2.30166948,114.69103,14.538302,"cattle",13.0000000, 2.2565358,  1.700000,  1.577973, 1.3388939, 1.2424396, 89.00000000, 50.29612311,43.45997072,11.95272076, 30.2000000,  8.7829380,24.339345419, 8.189629117
"16","cattle_1",0.000000,0.024984,0,0,9,26.09242,27.72150,-0.73689594,-1.12370996,NA,NA,NA,NA,NA,NA,NA,NA,47.84,1.02, 2524.630,12745.309, 795.2469,1378, 982.7160,1194.38272,45.12,0.66,2171.0098, 6709.577, 896.0261,1415, 746.9707,1011.20521,-1.71726733,-2.98474939,100.55657,11.711408,"cattle", 4.3333333, 0.9201866,  0.000000,  0.000000, 0.0000000, 0.0000000,  3.38000000,  2.46767097, 5.14639945, 3.61001024, 11.0800000,  4.8372926,20.313416450, 7.376868657
"17","cattle_2",0.000000,0.029740,0,0,7,20.86397,23.02400,-3.00844148,-1.23377759,NA,NA,NA,NA,NA,NA,NA,NA,44.20,1.67, 4274.667,11081.739,2552.4058,1247, 868.5217,  48.69565,44.43,0.93,2382.3899, 8328.050, 945.2201,1318,1007.7987,  91.19497,-0.38498301,-1.43273315,188.19022, 8.984756,"cattle", 5.3333333, 1.3333332,  0.000000,  0.000000, 0.0000000, 0.0000000, 29.90000000, 15.70222914,18.39256296, 8.49819686, 62.6000000, 16.1573513,37.571781440, 5.533602959
"18","cattle_2",0.000000,0.029740,0,0,6,NA,20.08525,-1.21761310,-0.74087687,46.92,1.16, 4967.375, 4825.562,1495.8125, 1361, 784.9375,  85.56250,44.89,1.89, 7799.000,18673.438,2552.7500,1357,1873.9375,  30.68750,44.72,1.39,2017.0000,11118.562, 726.4375,1350,1434.1250,  70.37500, 0.46624760,-0.14792818,206.36309,20.595925,"cattle", 3.3333333, 0.9980825,  4.000000,  4.000000, 3.5714286, 3.5714286,  8.80000000,  4.74763099, 4.34209344, 1.78691836, 94.0000000, 33.1194807,32.679939232, 2.703646798
"19","cattle_2",0.000000,0.029740,0,0,8,25.59960,19.35600,-1.29522977,-1.59361120,NA,NA,NA,NA,NA,NA,NA,NA,41.57,1.17, 9557.859,12691.070,4310.1529,1375,1025.3823, 206.60550,46.17,0.99,2193.3333, 9311.402,1063.9875,1359,1013.0218,1029.90654,-0.85206190,-0.43679797,155.47904,12.519092,"cattle", 7.6666667, 1.6666667,  0.000000,  0.000000, 0.0000000, 0.0000000,  9.42000000,  6.34558114,18.10319590,15.17264363, 39.4000000, 10.3469802,33.627181583,12.771841942
"20","cattle_2",0.000000,0.029740,0,0,9,24.90565,25.00800,-1.13763506,-0.95556145,NA,NA,NA,NA,NA,NA,NA,NA,NA,NA,NA,NA,NA,NA,NA,NA,45.27,1.03,4688.7926,11055.232,2474.4892,2031,1097.4613, 242.84830, 2.62907565,NA,163.55587,15.749847,"cattle", 9.6666667, 2.3333336,  0.000000,  0.000000, 0.0000000, 0.0000000,  1.02000000,  0.65757129, 2.99683380, 2.64195384, 87.5600000, 35.9116778,53.135573444, 4.718848658
"21","cattle_3",0.000000,0.026300,0,0,8,27.16124,26.19875, 2.80768513,-0.23318203,NA,NA,NA,NA,NA,NA,NA,NA,48.01,1.38, 4622.680, 8730.131,1749.6078,1425,1328.3660, 401.30719,43.48,0.98,1586.9909, 8599.635, 830.0304,1322,1275.6839,1228.14590,-1.07101833,-1.99643429, 74.30687, 4.566526,"cattle",18.6666667, 2.6666665,  0.000000,  0.000000, 0.0000000, 0.0000000, 22.60000000,  9.16296895,66.66512926,18.11233848,  3.5000000,  1.9429359,15.560484687, 9.284156981
"22","cattle_3",0.000000,0.026300,0,0,6,NA,24.53625,-1.52440189,-0.57291394,NA,NA,NA,NA,NA,NA,NA,NA,46.99,1.48, 4234.125,10855.938,1606.7500,1348,1376.1875,  30.06250,44.97,1.65,2185.1875,10730.000,1061.5000,1355,1507.7500,  69.50000, 1.08147965,-1.67063953, 49.67252, 5.249940,"cattle",11.3333333, 2.6666670,  0.600000,  0.600000, 0.7894737, 0.7894737, 36.40000000, 10.82866566,44.49460792,10.40339879, 20.4000000, 10.1862653,19.847574946, 5.967808655
"23","cattle_3",0.000000,0.026300,0,0,7,21.02475,17.91900,-0.58643664,-0.85843960,NA,NA,NA,NA,NA,NA,NA,NA,40.10,1.15, 4586.938, 9284.188,1538.8750,1367,1385.3125,  34.31250,43.89,1.25,2231.9429, 6833.886, 961.3143,1188,1302.5143,  85.08571,-0.08125239,-1.27709316, 74.71071,10.096042,"cattle",21.0000000, 6.3333334,  0.000000,  0.000000, 0.0000000, 0.0000000, 19.20000000, 10.10643359,27.93901376,12.27932716, 17.8000000,  3.6249138,33.861310022,10.678297579
"24","cattle_3",0.000000,0.026300,0,0,9,26.18743,30.88550, 0.17661315,-1.17127537,NA,NA,NA,NA,NA,NA,NA,NA,45.47,1.15, 4779.581, 7594.790,1830.6587,1326,1275.8084, 790.95808,NA,NA,NA,NA,NA,NA,NA,NA,NA,-2.11264880, 71.07613, 5.147052,"cattle", 9.0000000, 1.2998674,  0.000000,  0.000000, 0.0000000, 0.0000000, 22.96000000,  8.67816801,63.21550413,17.64066724,  0.0020000,  0.0020000, 0.009704027, 0.009704027
"25","trtpd_1",0.014448,0.000000,1,1,8,25.69831,26.85275, 2.61073645, 0.58850537,NA,NA,NA,NA,NA,NA,NA,NA,38.01,2.09, 9332.982,32957.251,4094.9123,8093,1511.8129, 440.11696,NA,NA,NA,NA,NA,NA,NA,NA,NA, 2.33958170, 65.82619,23.018979,"trtpd", 1.6666667, 1.6666667,  0.000000,  0.000000, 0.0000000, 0.0000000, 39.60000000, 23.18965287,32.09218465,17.01945105,  0.0600000,  0.0244949, 0.129659033, 0.084612918
"26","trtpd_1",0.014448,0.000000,1,1,6,NA,23.39950,-2.16526391,-0.81778834,43.16,2.33, 4779.625,14887.625,1098.3750, 6529,1186.3750,  38.81250,37.45,3.71, 8395.875,50362.125,7400.0000,3851,2558.2500,  44.68750,NA,NA,NA,NA,NA,NA,NA,NA,NA, 4.79204387, 27.46123, 2.407026,"trtpd", 0.3333333, 0.3333963, 25.400000, 25.400000,12.3300971,12.3300971, 39.20000000,  8.65678924,77.85843638,14.57057118,  0.0000000,  0.0000000, 0.000000000, 0.000000000
"27","trtpd_1",0.014448,0.000000,1,1,7,21.39275,23.61400,-0.60918775, 0.58474559,NA,NA,NA,NA,NA,NA,NA,NA,36.10,2.77, 9703.438,35372.625,6200.4375,3039,2656.0625,  66.31250,NA,NA,NA,NA,NA,NA,NA,NA,NA, 3.58339003, 60.17241,19.788245,"trtpd", 1.0000000, 0.5570860,  0.000000,  0.000000, 0.0000000, 0.0000000, 64.40000000, 29.83387337,71.35468135, 7.44469232,  0.0200000,  0.0200000, 0.086580087, 0.086580087
"28","trtpd_1",0.014448,0.000000,1,1,9,25.22856,25.53375,-0.41733901, 2.40356820,42.77,3.17, 4207.267,35016.036,1345.2252,10088, 989.0090, 105.16517,31.07,1.32, 9486.220,25010.671,3642.8659,6733,1424.2683,1445.54878,NA,NA,NA,NA,NA,NA,NA,NA,NA, 1.44256867, 73.09534,21.403608,"trtpd", 0.3333333, 0.3333963, 13.180000, 13.180000, 2.1223833, 2.1223833,111.18000000, 98.65908169,33.62804024,19.94332314,  0.0000000,  0.0000000, 0.000000000, 0.000000000
"29","trtpd_2",0.014448,0.000000,1,1,8,27.70555,26.70275, 0.34433320,-0.39847712,47.05,1.39, 4730.490,10394.986,1498.5014, 1290,1763.7464, 247.55043,41.94,1.79, 5015.680,21835.148,2123.5503,1302,1517.9882, 556.33136,NA,NA,NA,NA,NA,NA,NA,NA,NA,-0.61264044,142.95995,39.576491,"trtpd", 0.3333333, 0.3333963, 45.200000, 45.200000,13.8650307,13.8650307, 38.46000000, 19.92013052,61.89430668,15.39899972,  0.0400000,  0.0244949, 4.021030494, 3.994794274
"30","trtpd_2",0.014448,0.000000,1,1,6,NA,22.30525, 0.43020539,-0.16446518,36.92,1.00, 4115.562, 7177.188,1379.8750, 1378, 849.8125,  31.12500,42.51,2.21, 4861.812,15381.812,1772.8750,1371,1443.3750,  42.81250,37.91,2.00, 419.0625,14604.000, 960.1250,1303,1140.3750,   0.00000, 1.26562959,-0.64867383,120.34482,18.653339,"trtpd", 1.3333333, 0.6312428, 48.000000, 45.059960,18.2360248,16.1785398, 81.00000000, 20.58883192,79.18621666,16.73113947,  2.6020000,  2.5995007, 0.945105435, 0.941264587
"31","trtpd_2",0.014448,0.000000,1,1,7,21.72135,24.21450,-0.74012509,-1.03465078,44.12,1.55, 3514.062,13583.250,1810.2500, 1350,1619.1250,  32.75000,43.28,2.11, 4012.000,18789.562,1930.5000,1363,1475.6250,  32.68750,NA,NA,NA,NA,NA,NA,NA,NA,NA,-0.62100451,132.05622,18.980549,"trtpd", 1.3333333, 0.6666666, 84.600000, 84.600000,12.4963072,12.4963072, 69.80000000, 28.82256061,45.65877659,17.58038067,  1.0000000,  1.0000000, 0.147710487, 0.147710487
"32","trtpd_2",0.014448,0.000000,1,1,9,26.23355,26.83125,-1.40504103,-1.25188086,44.05,1.09, 4101.745, 4159.875,1656.1371, 1379,1053.9564,1018.00623,44.72,1.50, 4744.852,10162.820,1904.9180,1439,1572.1311, 486.55738,NA,NA,NA,NA,NA,NA,NA,NA,NA,-1.42728739,130.84470,21.396698,"trtpd", 1.3333333, 0.6312428,119.300000, 88.516462,28.1845354,17.2780389, 16.06000000, 11.11821029,28.09221992,17.70813542,  0.0000000,  0.0000000, 0.000000000, 0.000000000
"33","trtpd_3",0.014448,0.000000,1,1,9,24.75345,30.73550, 1.73622257, 0.18604977,40.52,2.87, 6139.598,21025.747,1684.5977, 9037,1362.0690, 102.47126,39.39,2.34,14579.016,20806.557,5435.6721,2023,2080.8525, 659.34426,NA,NA,NA,NA,NA,NA,NA,NA,NA, 1.88218831,149.82526,60.980092,"trtpd", 3.6666667, 3.6666671,  4.080000,  4.080000, 2.3502304, 2.3502304, 68.04000000, 48.93594384,25.36113606,17.17431644,  0.0000000,  0.0000000, 0.000000000, 0.000000000
"34","trtpd_3",0.014448,0.000000,1,1,6,NA,27.70025, 0.10005447,-0.65725637,NA,NA,NA,NA,NA,NA,NA,NA,40.99,4.70,15824.812,36897.562,4451.1875,1517,3352.0000,  26.37500,NA,NA,NA,NA,NA,NA,NA,NA,NA, 4.27880949, 32.71117, 6.057625,"trtpd", 0.6923077, 0.6661734,  0.000000,  0.000000, 0.0000000, 0.0000000, 21.64000000,  7.60457757,49.99513952,14.56228877,  0.0000000,  0.0000000, 0.000000000, 0.000000000
"35","trtpd_3",0.014448,0.000000,1,1,7,21.32140,24.63275,-0.85686011,-0.35417397,NA,NA,NA,NA,NA,NA,NA,NA,40.05,3.27,13000.312,19265.562,3575.6875,1474,2558.9375,  45.00000,NA,NA,NA,NA,NA,NA,NA,NA,NA, 2.04020323, 48.86484,21.403613,"trtpd", 0.6666667, 0.4632056,  0.000000,  0.000000, 0.0000000, 0.0000000, 24.40000000, 13.64771043,65.42124295,18.66301611,  0.0000000,  0.0000000, 0.000000000, 0.000000000
"36","trtpd_3",0.014448,0.000000,1,1,8,25.00390,26.60625, 2.20928334,-0.24669250,NA,NA,NA,NA,NA,NA,NA,NA,41.04,3.39,14165.879,49579.297,7027.9872,4212,2528.6901, 200.19169,NA,NA,NA,NA,NA,NA,NA,NA,NA, 4.60647987,123.97939,47.249480,"trtpd", 2.2315327, 1.5895489,  0.000000,  0.000000, 0.0000000, 0.0000000,138.00000000, 61.37181764,67.80936313,17.50775359,  0.0000000,  0.0000000, 0.000000000, 0.000000000
"37","ungrazed_1",0.000000,0.000000,0,0,8,25.31652,24.80425, 2.30099758, 1.52381579,NA,NA,NA,NA,NA,NA,NA,NA,44.96,2.84,12912.500,18768.250,2714.9375,1378,1624.1250, 129.93750,43.89,0.91,3214.2492,10937.252, 866.1342,1383,1192.6518,1277.69968,-0.59042961, 0.49371876,191.82479,44.018751,"ungrazed", 6.0000000, 1.3333333,  0.000000,  0.000000, 0.0000000, 0.0000000, 76.60000000, 32.96907642,20.40225584, 8.90119013, 85.2000000,  7.6576759,27.405701714, 6.027997403
"38","ungrazed_1",0.000000,0.000000,0,0,9,25.28115,31.00350,-1.04853406,-0.32317999,43.71,1.60, 3287.529,15080.235,1005.6471, 4089,1179.7647,  61.11765,45.13,2.32, 3422.562,17197.125,1677.0000,1391,1735.1875,  71.87500,43.61,0.73,2279.0448, 8064.239, 546.8060,1305, 934.3881,1138.32836,-1.77646099,-0.70155539,145.78684,10.096036,"ungrazed", 5.6666667, 3.0000003,  1.120000,  1.120000, 2.8865979, 2.8865979,  2.50000000,  2.50000000, 0.72886297, 0.72886297, 39.3000000,  8.4378315,20.591104378, 2.709140390
"39","ungrazed_1",0.000000,0.000000,0,0,6,NA,21.17950,-0.26560960,-0.66411587,NA,NA,NA,NA,NA,NA,NA,NA,41.44,2.08,14442.062,26956.438,2356.5000,1418,2204.2500,  65.25000,43.19,1.49,3669.6250,15665.125, 530.3125,1369,1812.1250,  48.00000, 1.66320862, 1.20284342,144.57532,18.576717,"ungrazed", 7.6666667, 1.3290160,  0.000000,  0.000000, 0.0000000, 0.0000000,  5.32000000,  2.41545027, 0.88665210, 0.38452992, 76.0000000, 13.4275836,17.269114733, 4.490310020
"40","ungrazed_1",0.000000,0.000000,0,0,7,20.41830,23.52800,-2.13619085,-0.57011431,NA,NA,NA,NA,NA,NA,NA,NA,38.15,2.12,14040.060,16362.269,2016.5373,1313,1407.8209, 365.79104,43.93,1.14,3212.4837,11440.327, 523.6601,1429,1346.4052,1095.88235,-0.34965854, 0.29205247,147.40221,29.480448,"ungrazed",10.3333333, 3.0000000,  0.000000,  0.000000, 0.0000000, 0.0000000, 16.10000000,  6.83447145, 3.77120297, 1.74764480, 92.0000000, 13.8924440,26.220578096, 5.511683014
"41","ungrazed_2",0.000000,0.000000,0,0,6,NA,24.81500, 2.64625201,-0.78010409,NA,NA,NA,NA,NA,NA,NA,NA,41.22,1.96, 9125.312,18420.250,3494.2500,2750,1812.8750,  42.56250,39.31,1.17,2318.6875,11872.688, 915.9375,1423,1158.8125, 102.75000, 0.63644561, 0.73377691,218.88218,27.734670,"ungrazed", 3.6666667, 1.1227361,  1.800000,  1.800000, 0.8571429, 0.8571429, 37.60000000, 11.62583330,19.97282340, 7.18106300, 51.2000000, 13.6102902,23.858349742, 4.043616544
"42","ungrazed_2",0.000000,0.000000,0,0,9,28.06048,29.69500,-0.09858409,-1.07793320,NA,NA,NA,NA,NA,NA,NA,NA,45.79,1.24, 5636.386,11154.393,3531.9003,2296, 877.9439, 463.98754,44.31,0.68,2963.1270, 5340.521, 776.6124,1416, 429.9023,1133.15961,-2.15449281,-1.38450503,199.49778,58.153206,"ungrazed", 4.6666667, 1.1480451,  0.000000,  0.000000, 0.0000000, 0.0000000, 35.88000000, 10.84344964,29.71564805,15.91265723, 55.1400000, 31.8134657,13.252922472, 4.845106208
"43","ungrazed_2",0.000000,0.000000,0,0,7,23.51091,29.62000, 1.75476701, 0.23590044,49.35,0.63, 3588.464, 2216.991, 565.7053, 1367, 478.1818, 121.63009,43.16,1.97,18519.299,14626.752,3122.3567,1484,1014.6497, 192.67516,43.90,1.04,2610.4319, 8561.860, 638.4718,1460,1021.0631, 906.04651,-0.90646884, 0.20961622,268.15087,55.730150,"ungrazed", 3.3333333, 1.1072731, 39.000000, 39.000000, 4.8567870, 4.8567870, 39.20000000, 15.34731247,15.11117517, 3.38269235, 87.2000000, 35.1004273,22.774562810, 1.753520195
"44","ungrazed_2",0.000000,0.000000,0,0,8,27.68781,29.22300, 2.75898865,-0.17594197,NA,NA,NA,NA,NA,NA,NA,NA,39.15,2.25,12263.389,22957.741,3514.8173,1555,1216.0133, 241.06312,46.32,0.69,2791.5361, 8395.549, 663.1348,1398, 633.2288,1021.50470,-1.81417523, 0.77489504,206.36309,60.172408,"ungrazed", 2.3333333, 1.0000000,  0.000000,  0.000000, 0.0000000, 0.0000000, 37.40000000, 16.40304850,11.34762159, 4.52671614, 75.0000000, 18.9129585,25.418897818, 2.279592164
"45","ungrazed_3",0.000000,0.000000,0,0,6,NA,26.19850,-1.43823453, 0.09873811,45.29,1.42, 9598.125,27298.438,1766.6250, 1395,2406.4375,  49.50000,NA,NA,NA,NA,NA,NA,NA,NA,45.63,1.46,1690.7500, 6284.812, 519.5000,1352, 931.6250,  83.93750,-0.79598373,NA,180.92107,14.968480,"ungrazed", 1.3333333, 0.6666666,  5.200000,  3.555278, 3.5441705, 2.4427440,  2.52000000,  0.90851527, 2.41792362, 1.04742607, 29.4000000,  6.1204575,22.687649474, 3.445509857
"46","ungrazed_3",0.000000,0.000000,0,0,9,24.28689,25.27625, 0.23437504, 0.09473240,NA,NA,NA,NA,NA,NA,NA,NA,NA,NA,NA,NA,NA,NA,NA,NA,47.09,1.23,1989.8462, 5110.154, 707.2615,1359, 856.4923, 808.49231,-1.51233092,NA,147.40221, 9.778940,"ungrazed", 2.6666667, 2.0000000,  1.880000,  1.880000, 1.0129310, 1.0129310,  0.00000000,  0.00000000, 0.00000000, 0.00000000, 19.4600000,  4.8154543, 8.393226904, 1.903463785
"47","ungrazed_3",0.000000,0.000000,0,0,7,21.33481,21.26500,-2.02510385,-0.36710299,NA,NA,NA,NA,NA,NA,NA,NA,NA,NA,NA,NA,NA,NA,NA,NA,45.08,1.01,1951.1111, 6650.784, 580.3922,1429, 968.3007, 859.54248,-1.43180032,NA,197.47857,41.595696,"ungrazed", 1.0000000, 0.5570860,  0.000000,  0.000000, 0.0000000, 0.0000000,  1.30000000,  0.70000000, 0.73503085, 0.46275525, 55.8000000, 17.9482590,32.966091768, 6.220239609
"48","ungrazed_3",0.000000,0.000000,0,0,8,24.82368,29.07275,-1.46573350,-0.05717420,48.21,1.43, 5210.029,12272.092,1511.6905, 1354,1395.3582, 159.94269,NA,NA,NA,NA,NA,NA,NA,NA,41.20,1.14,2651.1111, 7981.802, 860.0000,1334, 963.7838, 809.66967,-0.64238366,NA,153.45983,16.153665,"ungrazed", 4.0000000, 0.9097177,  6.200000,  6.200000, 2.3484848, 2.3484848,  0.30000000,  0.12247449, 0.74869548, 0.32901570,  8.6000000,  1.2884099,17.193732686, 4.702402819
"49","untrtpd_1",0.017616,0.000000,1,0,6,NA,20.28900,-0.39329832, 5.29167901,NA,NA,NA,NA,NA,NA,NA,NA,41.94,2.78,13338.750,34772.438,3464.1250,1393,2921.6250,  31.25000,44.67,3.39,4177.6250,33566.500,1989.8125,1368,3506.3750,  64.81250, 8.27715881, 2.48896357, 90.86437,15.749825,"untrtpd",10.3333333, 4.3333337,  0.000000,  0.000000, 0.0000000, 0.0000000,  6.60000000,  4.40000000, 8.27336332, 6.18171967, 57.4000000, 13.2423563,31.343355330, 6.951790247
"50","untrtpd_1",0.017616,0.000000,1,0,7,22.96560,28.16125,-2.89441977, 2.59719243,NA,NA,NA,NA,NA,NA,NA,NA,39.66,3.63, 2693.500,10046.062, 546.8750,1364, 779.3750, 364.37500,45.23,2.45,2800.0625,20083.812,1032.0000,1361,1429.5625, 103.93750, 2.70892177,-1.05329669, 92.07590,16.153667,"untrtpd", 8.6666667, 2.6666667,  0.000000,  0.000000, 0.0000000, 0.0000000,  8.20000000,  3.92937654,12.00349515, 6.75640024, 74.2000000, 25.4978430,60.933723620,16.351725284
"51","untrtpd_1",0.017616,0.000000,1,0,8,26.79549,21.75850,-4.18968802, 5.27492672,NA,NA,NA,NA,NA,NA,NA,NA,NA,NA,NA,NA,NA,NA,NA,NA,46.21,1.72,1804.8077,10906.859, 901.2179,1401,1264.8718, 860.12821, 0.10927022,NA, 69.86461,10.903727,"untrtpd", 7.3333333, 1.4330526,  0.000000,  0.000000, 0.0000000, 0.0000000,  0.00000000,  0.00000000, 0.00000000, 0.00000000, 17.6000000,  4.8020829,26.670686000, 6.855819784
"52","untrtpd_1",0.017616,0.000000,1,0,9,24.56416,23.36725, 0.55824493, 4.61135795,NA,NA,NA,NA,NA,NA,NA,NA,43.40,2.49,12103.438,24915.562,4069.1875,1366,1641.4375, 282.75000,NA,NA,NA,NA,NA,NA,NA,NA,NA, 0.96891250, 56.13399,12.519092,"untrtpd", 1.6666667, 0.6920457,  0.000000,  0.000000, 0.0000000, 0.0000000,  5.04000000,  3.17089893, 6.13905274, 4.11524750,  0.0000000,  0.0000000, 0.000000000, 0.000000000
"53","untrtpd_2",0.012613,0.000000,1,0,6,NA,12.87800, 0.15377642,-0.98379026,42.13,0.96, 6410.812, 6315.500,1210.3750, 1419, 730.3125,  50.62500,38.52,1.59, 6646.188,18592.500,1642.6875,1376,1349.8125,  35.06250,45.00,2.16,2739.2500,12780.625, 703.5000,1385,1031.6250,  90.37500, 1.02660134,-0.42338183, 50.48021, 3.272811,"untrtpd", 5.3333333, 2.6666670, 23.000000, 20.823064,14.6495836, 9.6115014, 31.40000000,  9.83158176,60.50064438,15.08027625,  5.8000000,  0.6633250,15.571934920, 7.050261515
"54","untrtpd_2",0.012613,0.000000,1,0,7,22.12951,24.21475, 1.26061691,-0.50530643,NA,NA,NA,NA,NA,NA,NA,NA,44.12,1.59, 3958.812, 9572.625,1705.6250,1348,1115.8750,  40.12500,44.12,1.58,7036.8125,13945.500,1553.9375,1372,1240.4375,  45.93750, 2.66143446,-1.59501640, 72.28766, 5.249942,"untrtpd",10.6666667, 1.7242912,  1.600000,  1.600000, 2.0915033, 2.0915033, 58.40000000, 23.35080298,55.36276434,11.85771848, 33.3000000, 18.2781290,27.271369477,11.319834983
"55","untrtpd_2",0.012613,0.000000,1,0,8,28.50992,24.70800,-1.18206251,-0.88143173,NA,NA,NA,NA,NA,NA,NA,NA,46.59,1.38, 5379.267,12901.467,1584.9333,1457,1174.3333, 408.40000,44.22,1.07,2774.4051,10900.643, 834.0836,1400, 851.3183,1294.14791,-0.93723589,-1.80175442, 75.51839, 9.288360,"untrtpd",10.3333333, 1.6666666,  0.000000,  0.000000, 0.0000000, 0.0000000, 81.00000000, 13.21362933,87.87343250, 3.53591628,  2.3400000,  1.3017680, 2.817599398, 1.877604332
"56","untrtpd_2",0.012613,0.000000,1,0,9,25.72192,28.33275,-0.75402662,-0.41710906,19.22,0.61,13001.661, 4865.431,2198.2109, 1408, 801.0224,1877.57189,45.67,1.37, 5242.222, 9662.286,1569.8413,1400,1017.1429, 616.31746,NA,NA,NA,NA,NA,NA,NA,NA,NA,-2.07132776, 64.61467, 3.717664,"untrtpd",16.6666667, 8.0000000,  4.360000,  4.360000, 2.1898543, 2.1898543, 78.52000000, 26.80830841,55.35579219,11.43602151,  0.0000000,  0.0000000, 0.000000000, 0.000000000
"57","untrtpd_3",0.012613,0.000000,1,0,6,NA,13.57500,-0.43062248, 0.27132680,43.07,1.15, 5156.938,11009.688,1938.7500, 1431, 931.1250,  60.56250,43.46,2.22, 7073.688,17142.625,2246.7500,1405,1658.4375,  34.06250,43.50,1.71,2513.8750,11937.438, 835.6250,1415,1018.6875, 134.93750, 0.69475974,-0.21108524, 99.34505,43.614971,"untrtpd",17.0000000, 5.6666667,  7.100000,  5.025933, 5.5185076, 3.1179282, 13.50000000,  7.44311763,14.08674996, 8.19253516, 25.0000000,  3.6742346,36.872497506, 8.836090593
"58","untrtpd_3",0.012613,0.000000,1,0,7,22.30542,24.03200, 0.27556117,-0.39892240,NA,NA,NA,NA,NA,NA,NA,NA,44.97,1.52, 5017.438,12399.625,2205.3750,1360,1290.1875,  34.50000,38.75,1.34,2057.0625, 7508.812, 585.1875,1344, 693.1250, 119.87500,-0.57623219,-1.25287084, 87.63364,10.096042,"untrtpd",40.6666667,14.6666669,  0.100000,  0.100000, 0.0896861, 0.0896861, 16.50000000, 10.23962890,21.82008139,12.45542741, 29.8000000,  5.1224994,52.940112068,13.071519791
"59","untrtpd_3",0.012613,0.000000,1,0,8,28.02726,22.92750, 2.70413142, 0.35092393,NA,NA,NA,NA,NA,NA,NA,NA,35.97,1.09, 5599.495, 6672.744,1685.4259,1422,1015.9621,1394.44795,NA,NA,NA,NA,NA,NA,NA,NA,NA,-1.76010797, 90.05669,28.672758,"untrtpd",15.0000000, 3.0000027,  0.000000,  0.000000, 0.0000000, 0.0000000, 11.90000000,  7.18052923,37.87442173,16.14107206,  1.4800000,  1.3810865,12.373552625,12.124626560
"60","untrtpd_3",0.012613,0.000000,1,0,9,25.97991,28.72975, 0.11339445, 0.43523438,NA,NA,NA,NA,NA,NA,NA,NA,41.01,0.80, 6144.282, 9611.496,1571.4370,1287, 866.1584, 468.21114,NA,NA,NA,NA,NA,NA,NA,NA,NA,-1.91891441, 90.46053,26.653550,"untrtpd", 3.3333333, 0.9980825,  0.000000,  0.000000, 0.0000000, 0.0000000, 10.96000000,  9.55743689,13.13149700,10.24630510,  0.0000000,  0.0000000, 0.000000000, 0.000000000
